pedido_id,distancia_km,volumen_m3,prioridad,ventana_min,cadena_frio,hora_pico,zona_rural,trafico_index,retrasado
PED-00001,19.54,0.4811,baja,139,0,0,1,0.881,1
PED-00002,9.38,0.0755,baja,102,1,0,1,0.031,1
PED-00003,10.83,0.0942,alta,154,1,0,0,0.48,0
PED-00004,5.44,0.0863,baja,123,0,1,1,0.144,0
PED-00005,21.21,0.2571,media,213,0,0,1,0.691,0
PED-00006,11.21,0.3904,media,205,0,1,0,0.586,0
PED-00007,13.53,0.1975,media,52,0,1,0,0.512,0
PED-00008,2.47,0.2393,media,85,0,1,0,0.215,0
PED-00009,16.96,0.1698,media,157,1,0,1,0.488,0
PED-00010,9.05,0.5046,baja,32,0,0,0,0.523,0
PED-00011,6.67,0.1298,media,36,0,0,0,0.633,0
PED-00012,12.35,0.4521,media,144,0,0,1,0.762,0
PED-00013,3.71,0.0393,media,196,0,0,0,0.567,0
PED-00014,4.76,0.0504,media,124,1,0,0,0.945,0
PED-00015,5.36,0.5201,alta,113,0,0,1,0.478,1
PED-00016,20.84,0.0733,baja,36,0,0,0,0.136,0
PED-00017,12.3,0.0391,alta,190,0,1,1,0.029,0
PED-00018,3.82,0.2912,media,192,1,1,0,0.405,0
PED-00019,15.16,0.2297,alta,155,0,1,1,0.745,1
PED-00020,16.21,0.221,alta,107,0,0,0,0.086,0
PED-00021,7.71,0.2022,media,85,0,1,1,0.364,1
PED-00022,13.54,0.1105,baja,205,1,1,0,0.326,0
PED-00023,8.85,0.1674,baja,176,0,0,0,0.634,1
PED-00024,4.52,0.0832,baja,56,0,0,0,0.008,0
PED-00025,15.13,0.0337,media,109,0,0,0,0.515,0
PED-00026,21.09,0.1298,media,148,0,1,0,0.052,1
PED-00027,15.63,0.4275,media,170,1,1,0,0.375,0
PED-00028,24.1,0.0995,media,232,0,0,0,0.482,0
PED-00029,18.26,0.1059,media,197,0,1,1,0.343,0
PED-00030,12.54,0.2434,alta,45,0,1,0,0.868,1
PED-00031,14.86,0.1946,media,119,0,1,0,0.655,0
PED-00032,12.18,0.4083,baja,43,0,0,0,0.991,0
PED-00033,11.66,0.2281,baja,66,0,1,0,0.46,0
PED-00034,3.59,0.181,media,99,0,0,1,0.56,0
PED-00035,20.23,0.1004,media,118,0,1,0,0.199,0
PED-00036,12.08,0.4382,baja,221,0,1,1,0.7,1
PED-00037,6.03,0.37,media,111,0,1,0,0.216,0
PED-00038,5.99,0.1429,media,217,0,1,0,0.553,0
PED-00039,14.28,0.1091,media,36,0,0,1,0.97,1
PED-00040,24.28,0.534,media,125,1,1,1,0.336,1
PED-00041,18.19,0.0962,media,202,0,1,0,0.001,0
PED-00042,8.2,0.4469,media,111,0,0,0,0.715,0
PED-00043,6.63,0.0863,alta,127,1,0,0,0.218,0
PED-00044,15.55,0.5014,alta,232,1,0,0,0.721,0
PED-00045,8.19,0.4992,baja,66,0,1,0,0.506,1
PED-00046,17.38,0.0754,media,174,1,1,0,0.84,1
PED-00047,14.77,0.3124,baja,195,1,1,1,0.536,1
PED-00048,6.03,0.1773,media,158,1,0,0,0.419,0
PED-00049,15.18,0.1984,baja,164,1,1,0,0.434,0
PED-00050,12.51,0.07,media,117,0,0,1,0.126,0
PED-00051,11.9,0.4624,baja,168,0,0,0,0.18,0
PED-00052,15.19,0.2184,media,135,0,1,0,0.673,0
PED-00053,9.66,0.1737,media,54,1,1,0,0.873,1
PED-00054,11.84,0.3728,media,42,1,0,0,0.329,0
PED-00055,18.84,0.296,alta,198,1,0,0,0.471,0
PED-00056,2.37,0.2035,alta,67,1,1,1,0.84,1
PED-00057,4.35,0.1506,media,42,0,0,0,0.89,0
PED-00058,6.65,0.0703,alta,112,1,0,0,0.32,0
PED-00059,20.64,0.337,media,60,0,1,0,0.908,1
PED-00060,24.57,0.0674,baja,141,1,1,0,0.618,1
PED-00061,6.99,0.3117,media,146,0,0,0,0.895,0
PED-00062,5.52,0.1744,media,44,1,1,0,0.353,0
PED-00063,20.62,0.0352,alta,131,1,0,0,0.73,0
PED-00064,10.57,0.2412,media,150,1,0,1,0.584,1
PED-00065,6.62,0.0778,media,174,0,1,0,0.601,0
PED-00066,23.25,0.1921,media,232,0,1,1,0.344,0
PED-00067,12.43,0.368,media,66,0,0,0,0.265,0
PED-00068,5.88,0.2713,alta,63,1,0,1,0.343,1
PED-00069,8.35,0.0841,alta,133,0,1,0,0.673,1
PED-00070,4.85,0.3396,media,136,0,0,1,0.884,0
PED-00071,6.08,0.1752,media,122,0,1,0,0.121,0
PED-00072,9.72,0.5653,media,203,0,1,0,0.502,0
PED-00073,23.1,0.2425,media,81,0,0,0,0.217,0
PED-00074,6.63,0.1389,baja,105,0,1,0,0.588,0
PED-00075,9.65,0.5344,media,154,0,0,0,0.8,0
PED-00076,9.11,0.1628,media,188,1,0,0,0.64,0
PED-00077,4.9,0.0795,alta,36,0,1,1,0.883,1
PED-00078,5.68,0.2142,alta,39,0,0,0,0.212,0
PED-00079,17.35,0.3475,alta,51,0,0,0,0.588,0
PED-00080,11.37,0.0372,media,92,0,0,0,0.155,1
PED-00081,7.72,0.3286,media,212,0,1,0,0.164,0
PED-00082,20.37,0.3279,baja,180,0,1,0,0.872,1
PED-00083,10.33,0.2023,media,185,1,0,0,0.067,0
PED-00084,8.21,0.1439,media,135,0,0,0,0.852,0
PED-00085,5.47,0.4339,baja,149,0,1,0,0.098,0
PED-00086,12.98,0.2532,baja,70,0,0,0,0.392,0
PED-00087,6.85,0.3524,media,167,0,0,0,0.679,0
PED-00088,12.2,0.0531,alta,112,0,1,1,0.049,1
PED-00089,11.45,0.1922,alta,100,1,1,1,0.652,1
PED-00090,13.35,0.5439,media,156,0,0,0,0.992,0
PED-00091,9.45,0.0446,baja,188,0,1,0,0.541,0
PED-00092,8.79,0.0875,alta,189,0,0,0,0.324,0
PED-00093,9.99,0.1001,media,158,1,1,0,0.439,0
PED-00094,23.98,0.5046,alta,43,1,1,0,0.947,1
PED-00095,19.49,0.4282,media,84,0,1,0,0.094,0
PED-00096,24.4,0.1457,media,62,1,0,0,0.768,0
PED-00097,7.96,0.2207,baja,129,0,0,0,0.516,0
PED-00098,10.87,0.1617,media,159,0,1,0,0.585,0
PED-00099,12.51,0.0562,baja,73,0,1,1,0.544,1
PED-00100,2.8,0.1646,media,203,0,1,0,0.804,0
PED-00101,4.98,0.1046,baja,184,0,0,1,0.234,1
PED-00102,13.66,0.4393,media,86,0,0,0,0.264,0
PED-00103,5.65,0.3367,media,211,0,1,0,0.819,1
PED-00104,12.0,0.1275,baja,110,1,0,1,0.575,0
PED-00105,17.92,0.2519,alta,111,0,1,1,0.282,1
PED-00106,24.85,0.3006,media,210,0,0,0,0.8,0
PED-00107,9.12,0.3854,media,56,1,1,0,0.251,1
PED-00108,13.93,0.2326,alta,239,0,0,0,0.255,0
PED-00109,4.67,0.1507,baja,223,0,0,0,0.891,0
PED-00110,4.81,0.4456,media,115,0,1,1,0.611,1
PED-00111,16.71,0.4506,media,69,0,0,0,0.845,0
PED-00112,7.78,0.0716,media,91,0,0,0,0.604,1
PED-00113,17.95,0.1751,baja,106,0,0,0,0.251,0
PED-00114,6.43,0.199,media,93,0,1,0,0.471,0
PED-00115,14.76,0.0483,baja,102,1,1,0,0.525,1
PED-00116,20.35,0.1016,media,137,0,0,1,0.146,0
PED-00117,22.82,0.1802,media,46,1,0,0,0.221,0
PED-00118,11.26,0.0849,media,149,1,0,1,0.263,0
PED-00119,7.34,0.1402,alta,38,0,0,1,0.846,1
PED-00120,13.37,0.1898,media,144,1,1,0,0.253,0
PED-00121,6.94,0.0612,media,89,0,0,0,0.198,0
PED-00122,20.04,0.2227,baja,99,0,0,0,0.963,0
PED-00123,25.76,0.0652,baja,36,0,0,0,0.423,0
PED-00124,8.16,0.0556,alta,104,1,0,0,0.218,0
PED-00125,20.28,0.106,baja,214,0,1,0,0.297,0
PED-00126,16.57,0.4443,media,158,0,0,1,0.61,0
PED-00127,6.94,0.0535,alta,171,1,1,0,0.302,0
PED-00128,7.41,0.0524,media,108,1,0,0,0.351,0
PED-00129,5.57,0.2295,baja,68,0,1,0,0.545,0
PED-00130,17.0,0.0718,baja,234,1,0,0,0.947,0
PED-00131,17.51,0.1382,media,197,0,1,0,0.537,0
PED-00132,10.44,0.07,alta,80,0,1,1,0.082,1
PED-00133,4.2,0.2338,alta,63,0,1,0,0.831,0
PED-00134,6.82,0.4287,media,212,0,0,0,0.509,0
PED-00135,17.91,0.1555,alta,32,1,0,0,0.933,1
PED-00136,18.52,0.1789,media,210,0,0,0,0.582,0
PED-00137,7.0,0.3484,baja,195,0,0,0,0.34,0
PED-00138,8.48,0.2244,baja,156,0,1,0,0.922,0
PED-00139,14.69,0.2818,alta,81,1,1,0,0.622,1
PED-00140,9.12,0.1814,media,115,1,1,0,0.572,0
PED-00141,15.93,0.1043,media,78,1,0,0,0.266,0
PED-00142,6.5,0.2452,alta,155,1,0,0,0.459,0
PED-00143,6.49,0.1627,baja,135,0,1,0,0.883,0
PED-00144,9.76,0.3825,media,140,0,1,0,0.065,0
PED-00145,12.36,0.1067,baja,201,0,1,0,0.53,0
PED-00146,17.51,0.1837,alta,154,0,1,1,0.528,1
PED-00147,25.9,0.0878,media,213,0,0,0,0.373,0
PED-00148,7.89,0.2864,media,238,0,1,0,0.764,0
PED-00149,21.97,0.5049,media,35,0,1,0,0.002,0
PED-00150,8.63,0.2345,alta,189,0,1,0,0.789,1
PED-00151,4.61,0.3432,baja,98,0,1,0,0.484,0
PED-00152,26.06,0.2141,media,171,0,0,0,0.562,0
PED-00153,9.28,0.0216,baja,63,0,1,0,0.464,0
PED-00154,12.16,0.1031,media,147,0,1,1,0.4,0
PED-00155,11.42,0.2329,media,214,1,0,0,0.138,0
PED-00156,16.45,0.1216,media,232,0,1,1,0.265,0
PED-00157,21.64,0.2998,media,136,0,0,0,0.25,0
PED-00158,6.1,0.1666,media,168,0,1,0,0.882,0
PED-00159,19.42,0.3434,baja,124,0,0,0,0.277,0
PED-00160,4.18,0.2514,media,77,0,0,0,0.845,0
PED-00161,2.37,0.0587,baja,37,0,1,1,0.734,1
PED-00162,3.93,0.3869,media,80,0,0,0,0.904,0
PED-00163,10.23,0.2851,baja,60,1,1,0,0.801,1
PED-00164,6.14,0.0844,baja,143,0,1,0,0.436,0
PED-00165,13.15,0.1814,alta,214,1,0,0,0.739,0
PED-00166,12.86,0.0909,alta,180,0,0,1,0.21,0
PED-00167,12.26,0.1609,baja,207,0,1,0,0.886,0
PED-00168,18.48,0.2599,alta,63,1,0,0,0.369,0
PED-00169,8.19,0.2298,alta,233,0,1,0,0.361,0
PED-00170,11.74,0.1254,baja,108,0,0,0,0.411,0
PED-00171,25.67,0.4092,baja,236,0,1,0,0.453,0
PED-00172,8.75,0.3937,media,50,0,0,0,0.242,0
PED-00173,11.69,0.2497,media,211,1,0,0,0.001,0
PED-00174,16.45,0.05,alta,118,1,1,0,0.627,1
PED-00175,13.57,0.1307,baja,117,0,1,1,0.069,0
PED-00176,13.47,0.0615,media,202,0,1,1,0.233,0
PED-00177,23.8,0.2833,baja,181,0,0,0,0.346,0
PED-00178,20.64,0.1516,baja,120,0,0,0,0.327,0
PED-00179,17.13,0.0395,media,128,1,0,0,0.667,0
PED-00180,19.21,0.2264,media,147,0,0,0,0.595,0
PED-00181,13.22,0.2548,baja,214,0,0,0,0.15,0
PED-00182,16.72,0.3275,media,229,0,0,0,0.849,0
PED-00183,7.25,0.0915,media,188,1,0,0,0.795,0
PED-00184,7.63,0.1048,baja,202,0,1,1,0.318,0
PED-00185,15.22,0.3231,baja,142,0,0,0,0.369,0
PED-00186,8.85,0.0391,baja,114,1,0,1,0.737,0
PED-00187,20.96,0.2763,alta,160,0,0,0,0.599,0
PED-00188,11.54,0.3305,media,164,0,1,0,0.548,0
PED-00189,7.43,0.1275,media,87,0,0,0,0.102,0
PED-00190,10.34,0.4359,media,225,1,0,0,0.366,0
PED-00191,6.11,0.1274,media,184,0,1,0,0.88,0
PED-00192,16.3,0.1284,baja,123,0,1,0,0.735,0
PED-00193,10.25,0.2511,media,164,1,1,0,0.69,1
PED-00194,9.94,0.121,alta,164,0,1,1,0.88,1
PED-00195,8.73,0.3117,media,123,1,1,0,0.228,0
PED-00196,21.42,0.0919,media,145,0,0,1,0.919,0
PED-00197,3.85,0.3512,baja,220,1,0,1,0.721,0
PED-00198,10.55,0.1751,baja,62,1,0,0,0.923,1
PED-00199,8.57,0.0609,media,170,0,1,0,0.031,0
PED-00200,8.61,0.2245,media,216,1,0,1,0.801,0
PED-00201,4.91,0.1517,media,172,0,1,0,0.594,0
PED-00202,13.94,0.4305,media,225,1,1,1,0.111,0
PED-00203,15.38,0.214,alta,39,1,1,1,0.829,1
PED-00204,14.57,0.2607,media,72,0,0,1,0.868,1
PED-00205,24.49,0.2919,baja,229,0,1,0,0.18,0
PED-00206,13.73,0.2893,media,36,0,1,0,0.503,1
PED-00207,8.71,0.1089,alta,116,1,1,1,0.079,1
PED-00208,8.44,0.1652,baja,74,1,0,0,0.282,0
PED-00209,3.38,0.0583,alta,210,0,1,1,0.958,0
PED-00210,2.23,0.3126,alta,105,0,0,1,0.22,0
PED-00211,14.13,0.2496,alta,124,0,0,0,0.463,1
PED-00212,9.42,0.0667,alta,123,0,1,1,0.768,0
PED-00213,5.55,0.1455,baja,210,0,1,0,0.22,0
PED-00214,7.08,0.2736,media,224,1,1,0,0.308,0
PED-00215,12.59,0.1384,media,96,0,1,0,0.919,1
PED-00216,6.92,0.3468,media,57,1,1,0,0.446,1
PED-00217,13.26,0.1197,media,52,1,1,0,0.474,1
PED-00218,9.63,0.3172,baja,178,0,1,0,0.005,0
PED-00219,17.41,0.1168,baja,230,0,1,1,0.863,0
PED-00220,6.81,0.5741,media,229,0,1,1,0.71,1
PED-00221,13.17,0.2594,media,139,1,1,0,0.094,0
PED-00222,10.22,0.1486,alta,127,0,0,0,0.526,1
PED-00223,7.35,0.1797,media,128,0,0,0,0.394,0
PED-00224,6.46,0.0958,baja,162,0,0,1,0.404,0
PED-00225,24.54,0.3239,alta,236,0,1,1,0.456,1
PED-00226,12.59,0.0418,alta,103,1,1,1,0.183,1
PED-00227,6.36,0.09,alta,120,1,0,0,0.247,0
PED-00228,4.55,0.0915,alta,68,0,1,0,0.099,0
PED-00229,8.14,0.3624,baja,197,0,1,0,0.615,0
PED-00230,23.7,0.1616,media,69,1,1,0,0.184,1
PED-00231,4.97,0.1721,alta,144,1,1,0,0.725,1
PED-00232,16.85,0.4646,media,225,0,1,1,0.967,0
PED-00233,21.11,0.157,media,39,0,0,0,0.314,0
PED-00234,12.24,0.0369,baja,163,0,0,0,0.917,0
PED-00235,6.59,0.1567,baja,228,1,1,0,0.866,0
PED-00236,24.21,0.4888,media,180,0,1,0,0.505,0
PED-00237,10.6,0.2899,media,134,0,0,1,0.745,0
PED-00238,18.8,0.4118,media,233,0,0,0,0.518,0
PED-00239,16.91,0.2484,media,201,0,0,0,0.892,1
PED-00240,23.89,0.2275,media,135,0,1,1,0.413,1
PED-00241,9.04,0.2563,alta,199,0,0,0,0.654,0
PED-00242,5.07,0.3418,media,63,1,0,0,0.624,0
PED-00243,16.81,0.0876,media,66,0,1,1,0.87,1
PED-00244,20.79,0.0761,media,136,1,1,1,0.566,1
PED-00245,13.13,0.1585,media,132,1,1,0,0.91,1
PED-00246,14.6,0.1403,baja,142,0,0,1,0.389,0
PED-00247,12.13,0.1761,media,87,0,1,0,0.334,0
PED-00248,7.29,0.0119,baja,116,0,1,0,0.079,0
PED-00249,5.91,0.2519,baja,187,0,0,0,0.756,1
PED-00250,3.6,0.1898,alta,89,0,0,0,0.927,0
PED-00251,8.71,0.1728,media,66,0,1,1,0.662,1
PED-00252,2.98,0.2763,media,127,0,0,1,0.554,0
PED-00253,22.26,0.1156,alta,202,1,1,0,0.186,1
PED-00254,10.39,0.2132,media,106,0,0,1,0.252,0
PED-00255,19.44,0.0765,baja,217,1,1,0,0.108,0
PED-00256,7.07,0.3415,media,228,0,0,0,0.93,0
PED-00257,21.94,0.1889,alta,128,0,1,0,0.746,1
PED-00258,12.32,0.0746,media,237,0,0,0,0.349,0
PED-00259,7.56,0.0908,media,158,1,0,0,0.872,0
PED-00260,13.16,0.1093,baja,76,0,0,0,0.199,0
PED-00261,11.63,0.1006,baja,169,1,0,0,0.881,0
PED-00262,5.88,0.3548,media,182,0,0,0,0.139,0
PED-00263,7.84,0.1008,alta,155,1,0,1,0.765,1
PED-00264,19.6,0.2997,alta,117,0,0,0,0.486,0
PED-00265,15.04,0.2591,alta,143,0,0,1,0.14,0
PED-00266,6.47,0.3967,baja,236,0,0,0,0.251,0
PED-00267,10.5,0.2861,media,112,1,1,0,0.809,1
PED-00268,11.42,0.2086,alta,235,0,1,0,0.096,0
PED-00269,5.98,0.2326,baja,103,0,0,0,0.819,0
PED-00270,8.08,0.1102,alta,234,0,1,0,0.125,0
PED-00271,12.73,0.0982,media,234,0,1,0,0.703,0
PED-00272,14.02,0.2669,baja,184,0,0,0,0.44,0
PED-00273,4.56,0.1958,media,45,0,0,1,0.28,0
PED-00274,12.5,0.4482,media,92,0,0,0,0.026,0
PED-00275,19.32,0.1071,baja,122,0,1,0,0.937,1
PED-00276,20.24,0.4249,baja,158,1,1,1,0.978,1
PED-00277,7.99,0.3054,alta,140,1,0,0,0.959,0
PED-00278,8.79,0.1017,baja,135,0,1,0,0.766,0
PED-00279,8.55,0.1152,media,202,1,0,0,0.569,0
PED-00280,11.81,0.2111,media,152,0,0,0,0.376,0
PED-00281,11.58,0.1064,media,229,0,1,0,0.303,0
PED-00282,3.82,0.323,media,176,0,1,0,0.912,0
PED-00283,14.15,0.3237,baja,218,0,0,0,0.585,0
PED-00284,11.5,0.507,alta,103,0,0,0,0.938,1
PED-00285,8.98,0.1309,baja,43,1,1,0,0.34,0
PED-00286,15.74,0.0522,media,62,1,1,1,0.616,1
PED-00287,19.89,0.205,baja,98,0,0,0,0.251,0
PED-00288,5.36,0.251,media,129,0,0,0,0.588,0
PED-00289,2.91,0.0609,baja,147,0,1,0,0.296,0
PED-00290,8.39,0.3265,baja,112,1,0,0,0.543,0
PED-00291,25.01,0.0981,alta,236,0,0,0,0.202,0
PED-00292,5.29,0.3834,media,151,0,0,1,0.333,0
PED-00293,3.44,0.4173,media,234,1,0,0,0.195,0
PED-00294,9.65,0.1016,baja,135,1,1,0,0.087,0
PED-00295,11.66,0.5191,baja,166,0,1,0,0.562,0
PED-00296,6.55,0.0297,media,201,1,0,1,0.546,1
PED-00297,4.37,0.2747,media,154,0,0,0,0.147,0
PED-00298,23.3,0.0872,media,48,1,0,0,0.517,0
PED-00299,3.59,0.1435,baja,48,0,0,0,0.814,0
PED-00300,9.47,0.1294,alta,60,1,1,0,0.892,1
PED-00301,14.06,0.1522,baja,159,0,0,0,0.077,0
PED-00302,9.9,0.488,alta,96,0,1,0,0.196,0
PED-00303,8.88,0.1244,media,158,1,0,1,0.188,0
PED-00304,8.49,0.2266,alta,37,1,1,0,0.384,0
PED-00305,9.52,0.1525,alta,137,0,0,0,0.689,1
PED-00306,12.09,0.1796,alta,36,0,0,0,0.716,0
PED-00307,20.75,0.0631,baja,126,0,0,0,0.316,0
PED-00308,5.82,0.1097,media,50,0,1,0,0.655,0
PED-00309,13.09,0.1316,baja,111,1,0,0,0.7,0
PED-00310,8.43,0.0675,media,130,0,0,0,0.773,0
PED-00311,9.65,0.2409,alta,85,1,0,0,0.528,1
PED-00312,20.77,0.4477,media,206,0,0,1,0.213,0
PED-00313,6.19,0.2778,media,73,1,1,1,0.245,1
PED-00314,2.81,0.4176,media,127,0,1,0,0.838,0
PED-00315,8.29,0.4857,media,231,0,1,0,0.424,0
PED-00316,17.45,0.108,media,205,1,1,1,0.724,1
PED-00317,14.92,0.4968,media,196,1,1,1,0.153,1
PED-00318,12.48,0.0848,baja,91,0,0,1,0.938,0
PED-00319,11.66,0.189,media,132,0,1,1,0.381,0
PED-00320,4.63,0.0711,alta,150,0,0,0,0.263,0
PED-00321,15.45,0.0799,media,106,1,1,0,0.247,0
PED-00322,9.85,0.1263,media,52,0,0,1,0.36,0
PED-00323,18.2,0.1806,media,178,0,0,0,0.47,0
PED-00324,8.32,0.1633,baja,113,0,1,0,0.714,0
PED-00325,7.89,0.5084,alta,112,0,0,0,0.959,1
PED-00326,8.7,0.0311,media,82,0,0,0,0.06,0
PED-00327,10.63,0.2739,media,55,1,1,1,0.712,1
PED-00328,27.08,0.0428,media,191,1,1,0,0.242,0
PED-00329,11.55,0.1815,alta,151,0,1,0,0.132,0
PED-00330,12.11,0.2066,alta,63,0,0,0,0.223,0
PED-00331,12.88,0.4617,media,183,0,1,0,0.54,0
PED-00332,7.81,0.0255,media,158,0,1,1,0.173,0
PED-00333,10.06,0.0337,alta,194,0,0,0,0.779,0
PED-00334,13.77,0.5351,media,88,1,1,0,0.198,1
PED-00335,11.47,0.151,alta,168,0,0,0,0.042,1
PED-00336,11.39,0.0814,media,174,1,0,0,0.653,0
PED-00337,9.14,0.4165,media,102,0,0,1,0.293,0
PED-00338,4.97,0.3537,alta,98,1,1,0,0.273,1
PED-00339,16.19,0.2847,media,180,0,0,0,0.378,0
PED-00340,24.46,0.0348,media,48,0,0,0,0.378,0
PED-00341,9.02,0.0907,alta,109,0,0,0,0.959,0
PED-00342,21.43,0.3698,media,212,0,1,0,0.943,1
PED-00343,5.99,0.0542,baja,200,0,1,1,0.123,0
PED-00344,12.59,0.1506,media,235,0,1,0,0.87,0
PED-00345,7.43,0.1957,media,239,0,1,0,0.494,0
PED-00346,14.01,0.3032,media,159,0,0,0,0.747,0
PED-00347,4.65,0.4176,media,203,0,0,0,0.372,0
PED-00348,25.53,0.2899,baja,110,0,1,0,0.086,0
PED-00349,25.08,0.1073,alta,127,1,0,1,0.058,0
PED-00350,13.01,0.1434,baja,171,0,0,1,0.948,0
PED-00351,22.67,0.2025,baja,194,0,0,0,0.003,0
PED-00352,22.87,0.0976,media,71,0,1,0,0.104,0
PED-00353,23.46,0.1598,alta,98,0,0,0,0.362,0
PED-00354,22.6,0.1498,baja,88,0,0,0,0.864,0
PED-00355,2.33,0.4332,media,82,1,0,0,0.323,0
PED-00356,17.12,0.281,baja,58,0,0,1,0.26,1
PED-00357,7.1,0.5656,baja,84,0,0,0,0.498,0
PED-00358,9.46,0.4012,media,227,0,1,0,0.601,0
PED-00359,11.68,0.2376,baja,158,0,0,0,0.081,1
PED-00360,6.3,0.3323,baja,153,0,1,0,0.546,0
PED-00361,7.56,0.1779,alta,51,0,0,0,0.723,0
PED-00362,15.13,0.1325,media,84,0,0,1,0.756,0
PED-00363,14.81,0.0505,media,202,1,0,0,0.295,0
PED-00364,8.26,0.2735,media,62,0,1,0,0.172,0
PED-00365,9.44,0.1947,alta,129,0,0,0,0.269,0
PED-00366,7.18,0.2454,alta,197,1,1,1,0.045,0
PED-00367,6.31,0.4199,baja,69,1,0,0,0.841,0
PED-00368,17.57,0.3045,alta,172,0,0,0,0.954,1
PED-00369,12.86,0.2737,baja,113,0,1,0,0.881,1
PED-00370,6.87,0.1776,media,137,0,0,0,0.754,0
PED-00371,5.68,0.1948,baja,108,1,0,1,0.427,0
PED-00372,8.48,0.1847,baja,234,0,1,1,0.97,1
PED-00373,6.2,0.2667,alta,71,0,0,0,0.606,0
PED-00374,10.71,0.2816,media,116,0,0,0,0.34,0
PED-00375,8.52,0.1412,media,157,0,1,0,0.171,0
PED-00376,5.89,0.2097,baja,185,0,0,0,0.062,0
PED-00377,17.59,0.3352,baja,213,0,0,0,0.795,0
PED-00378,25.73,0.0766,media,213,0,0,1,0.009,0
PED-00379,12.53,0.1621,alta,95,0,0,0,0.71,0
PED-00380,13.37,0.2257,alta,200,1,0,0,0.673,0
PED-00381,5.92,0.1125,media,157,0,1,1,0.005,0
PED-00382,18.67,0.0978,media,125,0,0,0,0.744,0
PED-00383,5.86,0.1038,baja,135,0,0,0,0.199,0
PED-00384,8.31,0.4354,media,97,1,0,1,0.812,1
PED-00385,6.99,0.3492,alta,184,1,0,0,0.706,0
PED-00386,18.68,0.178,media,71,0,0,0,0.702,0
PED-00387,14.21,0.0989,alta,117,0,1,0,0.364,1
PED-00388,5.54,0.2978,alta,226,0,0,0,0.696,0
PED-00389,13.51,0.1519,media,238,0,1,0,0.71,0
PED-00390,15.45,0.3114,alta,92,0,0,1,0.685,1
PED-00391,5.78,0.0315,alta,213,0,1,1,0.432,1
PED-00392,4.2,0.0967,media,162,1,0,0,0.089,0
PED-00393,10.36,0.3727,alta,133,1,0,0,0.257,0
PED-00394,8.11,0.0679,media,121,0,0,0,0.765,0
PED-00395,9.0,0.122,media,43,0,1,0,0.623,0
PED-00396,6.58,0.1882,baja,116,0,0,0,0.784,0
PED-00397,11.18,0.2632,media,168,0,1,0,0.435,0
PED-00398,11.68,0.1491,alta,38,0,0,0,0.852,1
PED-00399,15.58,0.174,alta,142,0,1,0,0.04,0
PED-00400,3.74,0.3073,alta,110,1,0,0,0.5,0
PED-00401,15.65,0.0485,alta,216,0,1,1,0.518,0
PED-00402,3.47,0.5298,alta,63,1,0,0,0.495,1
PED-00403,17.94,0.232,media,229,0,0,0,0.327,0
PED-00404,7.37,0.188,baja,71,0,1,0,0.713,0
PED-00405,4.07,0.148,alta,142,1,1,0,0.765,0
PED-00406,15.06,0.216,alta,123,1,1,1,0.77,1
PED-00407,17.87,0.2568,media,183,0,0,0,0.021,0
PED-00408,3.06,0.25,alta,122,0,0,0,0.089,0
PED-00409,18.21,0.0652,media,126,1,0,0,0.497,0
PED-00410,11.22,0.1772,media,111,0,1,0,0.238,0
PED-00411,11.48,0.2726,baja,175,1,0,0,0.512,0
PED-00412,14.5,0.0703,alta,132,1,1,1,0.552,1
PED-00413,16.31,0.4307,media,190,0,1,0,0.348,0
PED-00414,16.38,0.0701,baja,86,1,1,1,0.109,1
PED-00415,15.19,0.1568,media,88,0,1,0,0.218,0
PED-00416,8.27,0.2382,media,74,0,0,0,0.093,0
PED-00417,9.25,0.5681,alta,148,0,1,1,0.913,1
PED-00418,17.26,0.1032,media,209,1,0,0,0.031,0
PED-00419,16.64,0.1051,media,190,0,0,0,0.744,0
PED-00420,18.4,0.2714,media,231,1,0,1,0.357,0
PED-00421,5.4,0.2026,baja,212,0,0,0,0.712,1
PED-00422,7.08,0.0689,media,200,1,0,0,0.07,0
PED-00423,4.59,0.2024,media,34,0,0,0,0.054,0
PED-00424,26.23,0.3345,media,159,1,1,0,0.801,1
PED-00425,10.48,0.0339,media,176,0,0,0,0.433,0
PED-00426,12.19,0.1631,media,133,1,0,0,0.509,0
PED-00427,8.78,0.1299,baja,54,1,1,0,0.494,1
PED-00428,8.06,0.0757,media,54,1,0,0,0.856,0
PED-00429,19.86,0.099,media,63,0,1,0,0.756,1
PED-00430,16.35,0.1114,baja,101,0,0,1,0.833,0
PED-00431,13.0,0.2176,baja,131,0,0,0,0.139,0
PED-00432,5.3,0.4236,baja,202,0,0,0,0.985,0
PED-00433,8.85,0.1263,media,169,1,1,0,0.72,0
PED-00434,14.11,0.329,alta,231,1,1,0,0.096,0
PED-00435,28.66,0.364,media,145,0,0,0,0.493,1
PED-00436,16.94,0.145,alta,135,0,0,0,0.43,0
PED-00437,6.12,0.4897,media,60,0,0,1,0.914,1
PED-00438,24.31,0.1804,media,76,0,1,0,0.426,0
PED-00439,3.68,0.0704,media,97,1,1,1,0.28,1
PED-00440,7.69,0.187,alta,185,1,0,0,0.231,0
PED-00441,6.37,0.132,media,153,1,0,0,0.848,1
PED-00442,9.24,0.08,baja,47,0,1,0,0.599,0
PED-00443,13.26,0.0321,media,239,1,0,0,0.083,0
PED-00444,10.11,0.2382,media,224,1,1,1,0.316,0
PED-00445,11.97,0.4113,alta,114,0,0,0,0.635,0
PED-00446,11.45,0.1201,baja,130,1,0,1,0.554,1
PED-00447,6.53,0.07,media,93,0,1,1,0.528,1
PED-00448,11.16,0.24,media,200,1,1,0,0.629,0
PED-00449,18.2,0.2042,baja,104,0,1,1,0.291,1
PED-00450,11.02,0.0728,media,147,1,0,1,0.623,0
PED-00451,13.8,0.1589,alta,187,1,0,0,0.523,0
PED-00452,8.69,0.1299,alta,163,0,1,0,0.627,1
PED-00453,10.49,0.3163,alta,191,1,0,1,0.569,1
PED-00454,7.54,0.2908,alta,209,0,1,0,0.329,0
PED-00455,16.39,0.0268,media,159,0,0,0,0.613,0
PED-00456,9.24,0.2386,media,169,0,1,1,0.377,0
PED-00457,10.46,0.2309,alta,45,0,1,1,0.798,1
PED-00458,19.07,0.3346,baja,175,0,1,0,0.149,0
PED-00459,9.84,0.2037,baja,222,0,0,0,0.398,0
PED-00460,10.43,0.0389,media,68,0,0,0,0.386,0
PED-00461,4.16,0.5135,baja,72,0,1,0,0.004,0
PED-00462,8.48,0.0839,media,93,1,1,0,0.77,1
PED-00463,2.02,0.1032,media,75,1,1,0,0.662,1
PED-00464,9.68,0.0914,media,144,0,1,0,0.991,0
PED-00465,12.81,0.0936,media,88,0,0,1,0.881,0
PED-00466,15.79,0.1479,alta,206,0,1,0,0.428,0
PED-00467,18.19,0.178,baja,191,0,0,0,0.7,0
PED-00468,16.2,0.1529,media,72,1,0,0,0.115,0
PED-00469,7.38,0.0674,media,108,0,1,0,0.527,0
PED-00470,14.7,0.3347,baja,56,0,0,0,0.489,0
PED-00471,12.95,0.1102,baja,147,1,1,0,0.709,1
PED-00472,24.73,0.4733,baja,66,0,0,0,0.829,0
PED-00473,10.02,0.0693,media,192,0,1,0,0.246,0
PED-00474,5.39,0.1452,media,196,1,0,1,0.008,0
PED-00475,21.88,0.0972,media,202,0,0,0,0.322,0
PED-00476,13.57,0.2147,media,171,0,0,1,0.632,0
PED-00477,15.52,0.0367,alta,172,0,0,0,0.707,0
PED-00478,5.64,0.1982,alta,183,1,0,0,0.77,0
PED-00479,10.28,0.2207,media,108,0,0,1,0.517,0
PED-00480,6.51,0.3344,baja,180,1,1,0,0.026,0
PED-00481,15.87,0.2166,alta,128,0,1,0,0.678,1
PED-00482,3.97,0.3605,alta,132,1,0,1,0.985,1
PED-00483,6.22,0.262,alta,101,1,1,0,0.201,1
PED-00484,5.16,0.2723,media,74,0,0,0,0.151,0
PED-00485,14.27,0.2731,alta,75,0,0,0,0.441,0
PED-00486,14.85,0.3558,alta,231,0,1,0,0.063,0
PED-00487,4.33,0.1931,media,105,0,0,0,0.435,0
PED-00488,16.39,0.2355,media,70,0,0,0,0.766,0
PED-00489,7.04,0.1259,baja,190,0,0,0,0.267,0
PED-00490,6.69,0.2203,baja,70,0,0,0,0.399,0
PED-00491,6.63,0.1694,baja,180,1,1,1,0.288,0
PED-00492,15.08,0.1734,media,65,0,0,0,0.317,0
PED-00493,14.01,0.1012,media,67,1,1,0,0.923,1
PED-00494,16.19,0.1781,baja,224,0,0,0,0.536,0
PED-00495,12.97,0.115,media,101,0,1,0,0.22,0
PED-00496,9.6,0.2656,alta,95,1,0,0,0.285,1
PED-00497,8.88,0.0698,media,41,0,1,0,0.933,1
PED-00498,11.43,0.1992,alta,207,1,0,0,0.204,0
PED-00499,8.99,0.1467,media,43,1,1,0,0.095,0
PED-00500,6.69,0.405,baja,197,1,0,1,0.331,0
PED-00501,9.03,0.0831,media,59,0,0,0,0.835,0
PED-00502,22.78,0.2284,media,106,1,1,0,0.196,0
PED-00503,13.58,0.1105,media,195,1,1,0,0.003,0
PED-00504,5.65,0.2782,media,64,0,0,0,0.159,0
PED-00505,7.16,0.2713,media,163,0,0,0,0.194,0
PED-00506,7.13,0.462,media,193,1,1,1,0.365,1
PED-00507,25.53,0.1929,baja,88,0,0,1,0.086,0
PED-00508,9.19,0.1576,media,166,0,1,0,0.067,0
PED-00509,18.08,0.2307,media,133,1,0,0,0.186,0
PED-00510,9.47,0.2799,alta,79,1,1,1,0.055,0
PED-00511,5.91,0.3227,media,71,0,1,0,0.605,0
PED-00512,10.45,0.2728,alta,90,0,0,1,0.103,0
PED-00513,10.18,0.4183,media,36,0,1,0,0.969,1
PED-00514,8.37,0.3517,baja,82,0,0,0,0.952,0
PED-00515,24.48,0.2904,baja,220,1,1,0,0.933,1
PED-00516,5.45,0.279,baja,34,0,0,0,0.097,0
PED-00517,13.89,0.1024,alta,134,0,1,0,0.728,1
PED-00518,4.69,0.0766,media,191,0,1,0,0.187,0
PED-00519,14.62,0.0468,baja,138,0,1,1,0.105,0
PED-00520,21.28,0.1573,baja,41,0,0,0,0.839,0
PED-00521,9.32,0.0998,alta,221,1,1,0,0.939,1
PED-00522,5.16,0.3797,media,174,1,1,0,0.142,0
PED-00523,4.84,0.2183,baja,40,1,0,1,0.429,0
PED-00524,5.74,0.3247,baja,78,0,1,0,0.872,1
PED-00525,16.68,0.0814,alta,30,0,0,0,0.227,0
PED-00526,11.22,0.2743,media,90,0,0,1,0.857,0
PED-00527,15.03,0.1465,media,207,0,1,0,0.395,1
PED-00528,7.85,0.1076,baja,224,0,1,1,0.478,0
PED-00529,12.37,0.2139,media,65,1,0,1,0.229,0
PED-00530,10.25,0.5519,media,178,0,1,1,0.965,1
PED-00531,7.43,0.4783,alta,234,0,0,0,0.615,1
PED-00532,1.72,0.102,alta,36,0,0,0,0.93,0
PED-00533,14.07,0.1226,media,103,0,1,0,0.043,0
PED-00534,9.43,0.1101,baja,115,0,0,0,0.929,0
PED-00535,21.85,0.1857,baja,204,1,1,1,0.751,1
PED-00536,8.8,0.3625,media,122,0,1,1,0.31,1
PED-00537,4.36,0.1139,baja,128,0,0,1,0.63,1
PED-00538,11.8,0.5063,media,111,0,0,0,0.007,1
PED-00539,4.36,0.132,media,117,0,1,0,0.076,0
PED-00540,6.56,0.1384,media,138,0,0,0,0.039,0
PED-00541,13.13,0.1663,baja,74,0,1,1,0.327,1
PED-00542,20.52,0.2875,alta,148,0,1,0,0.777,1
PED-00543,6.59,0.374,media,212,0,0,0,0.279,0
PED-00544,12.51,0.167,baja,96,1,1,1,0.986,1
PED-00545,6.62,0.174,baja,60,1,1,0,0.105,0
PED-00546,11.72,0.0949,baja,189,0,0,1,0.267,0
PED-00547,11.84,0.1202,alta,40,0,0,0,0.029,0
PED-00548,7.11,0.2473,alta,145,0,0,0,0.177,0
PED-00549,10.98,0.1783,media,83,0,1,0,0.999,1
PED-00550,11.31,0.0844,alta,137,1,1,1,0.017,1
PED-00551,13.07,0.2434,media,99,0,0,0,0.767,0
PED-00552,16.92,0.4093,media,222,0,0,0,0.768,0
PED-00553,12.61,0.3183,baja,135,1,1,1,0.975,1
PED-00554,19.39,0.3311,media,35,0,0,0,0.13,0
PED-00555,8.93,0.1447,media,233,1,0,0,0.552,0
PED-00556,8.69,0.1304,baja,149,0,0,0,0.676,1
PED-00557,4.24,0.0695,media,184,0,0,0,0.119,0
PED-00558,9.74,0.1986,baja,193,0,1,0,0.25,0
PED-00559,13.79,0.2165,baja,179,1,1,0,0.335,0
PED-00560,3.79,0.108,media,91,1,0,1,0.59,0
PED-00561,18.52,0.0676,media,139,1,1,0,0.165,0
PED-00562,9.47,0.2685,alta,107,0,0,1,0.111,0
PED-00563,23.05,0.2503,media,197,0,0,0,0.414,0
PED-00564,13.92,0.1663,media,31,1,1,1,0.893,1
PED-00565,10.23,0.1974,alta,152,0,0,1,0.209,0
PED-00566,25.15,0.0467,media,56,0,0,1,0.65,0
PED-00567,16.19,0.372,media,71,0,0,0,0.736,1
PED-00568,6.96,0.2924,media,60,1,0,0,0.039,0
PED-00569,12.42,0.5511,media,69,0,0,0,0.491,0
PED-00570,22.63,0.1855,media,40,0,0,1,0.787,1
PED-00571,15.99,0.189,baja,122,0,1,0,0.463,0
PED-00572,10.0,0.1302,media,52,1,0,1,0.567,0
PED-00573,13.5,0.2042,alta,213,0,1,1,0.17,1
PED-00574,11.15,0.3879,alta,193,1,1,0,0.594,1
PED-00575,16.33,0.344,media,93,1,1,0,0.358,1
PED-00576,14.79,0.3557,baja,138,0,0,1,0.412,0
PED-00577,8.45,0.1108,alta,224,0,1,0,0.161,0
PED-00578,8.78,0.0311,media,149,0,0,0,0.153,0
PED-00579,29.11,0.3209,media,131,0,0,0,0.357,0
PED-00580,8.34,0.0852,baja,107,0,1,0,0.971,0
PED-00581,8.14,0.0885,media,89,0,1,0,0.411,1
PED-00582,5.28,0.1574,media,102,0,1,0,0.005,0
PED-00583,10.14,0.2179,media,75,0,1,0,0.688,0
PED-00584,4.68,0.148,media,52,0,0,1,0.393,0
PED-00585,24.36,0.1817,media,131,0,1,0,0.625,0
PED-00586,15.03,0.0191,alta,159,0,0,0,0.062,0
PED-00587,10.29,0.3127,baja,66,0,0,0,0.556,0
PED-00588,17.91,0.1814,media,81,0,0,0,0.703,0
PED-00589,11.95,0.2573,alta,51,0,0,0,0.476,0
PED-00590,14.0,0.3562,baja,221,0,0,1,0.094,0
PED-00591,9.43,0.045,alta,58,0,1,1,0.375,1
PED-00592,17.11,0.2655,media,93,0,1,0,0.482,0
PED-00593,14.4,0.0747,alta,197,0,1,0,0.707,1
PED-00594,6.61,0.1207,media,226,0,1,1,0.253,0
PED-00595,17.71,0.5647,baja,140,0,0,0,0.021,1
PED-00596,11.16,0.3907,media,133,0,1,0,0.996,1
PED-00597,8.59,0.0474,media,35,0,0,1,0.97,0
PED-00598,4.02,0.139,media,182,0,1,0,0.904,0
PED-00599,6.63,0.245,media,58,0,1,0,0.833,1
PED-00600,1.83,0.0898,baja,52,0,1,1,0.097,0
PED-00601,6.15,0.1951,baja,180,0,0,0,0.44,0
PED-00602,15.8,0.5178,alta,213,0,0,0,0.628,0
PED-00603,28.21,0.2542,media,194,0,0,0,0.748,0
PED-00604,8.46,0.3162,baja,215,0,0,0,0.843,0
PED-00605,24.52,0.2295,media,91,1,0,0,0.341,0
PED-00606,1.84,0.2253,media,214,0,1,0,0.708,1
PED-00607,10.91,0.1289,baja,75,1,1,1,0.231,1
PED-00608,13.47,0.4276,media,36,1,0,0,0.434,0
PED-00609,3.46,0.3837,baja,201,0,1,0,0.242,0
PED-00610,17.35,0.3793,media,95,0,0,0,0.263,0
PED-00611,8.92,0.4433,media,70,0,1,0,0.914,1
PED-00612,7.17,0.2926,media,149,0,1,0,0.295,0
PED-00613,8.09,0.1675,baja,237,0,0,0,0.804,0
PED-00614,8.28,0.0819,baja,131,1,1,0,0.988,1
PED-00615,9.66,0.3248,alta,204,0,1,0,0.292,0
PED-00616,24.99,0.2018,baja,74,1,0,0,0.008,0
PED-00617,12.89,0.081,alta,35,0,0,0,0.515,0
PED-00618,7.62,0.344,baja,117,0,1,0,0.539,0
PED-00619,3.16,0.3541,media,47,1,1,0,0.194,0
PED-00620,7.71,0.1046,media,115,0,0,0,0.823,0
PED-00621,15.72,0.5142,baja,189,0,0,1,0.507,0
PED-00622,5.06,0.1391,baja,32,0,1,1,0.472,1
PED-00623,5.51,0.4256,alta,93,1,0,0,0.557,0
PED-00624,15.59,0.2779,media,65,1,1,0,0.191,1
PED-00625,16.9,0.2976,baja,143,0,1,0,0.875,1
PED-00626,3.93,0.1772,media,191,0,1,1,0.957,1
PED-00627,5.29,0.232,media,178,1,1,1,0.686,1
PED-00628,5.55,0.2481,media,187,0,1,0,0.086,0
PED-00629,7.94,0.4876,media,168,0,0,1,0.232,1
PED-00630,15.58,0.0531,media,174,0,0,0,0.534,0
PED-00631,28.19,0.2167,media,57,1,0,0,0.762,0
PED-00632,6.46,0.0646,media,145,1,0,1,0.428,0
PED-00633,15.48,0.202,media,184,0,1,0,0.095,0
PED-00634,6.12,0.3512,baja,107,0,0,0,0.769,0
PED-00635,15.97,0.0403,alta,40,0,0,0,0.39,0
PED-00636,3.72,0.2077,media,84,1,0,0,0.726,0
PED-00637,10.25,0.0384,media,165,0,1,0,0.647,0
PED-00638,20.42,0.0914,media,51,0,0,1,0.427,0
PED-00639,12.7,0.4331,alta,231,1,1,1,0.848,0
PED-00640,8.43,0.1882,media,168,0,1,0,0.425,0
PED-00641,21.38,0.2445,baja,212,0,1,0,0.288,0
PED-00642,5.6,0.0923,media,221,1,1,0,0.272,0
PED-00643,4.3,0.1572,alta,37,0,1,1,0.769,1
PED-00644,10.08,0.2774,alta,48,0,0,0,0.108,0
PED-00645,16.72,0.1632,media,157,0,0,0,0.215,0
PED-00646,11.57,0.0473,media,104,0,0,1,0.057,0
PED-00647,15.37,0.5574,media,145,1,0,0,0.133,0
PED-00648,6.97,0.0263,media,168,1,1,1,0.879,1
PED-00649,9.03,0.2373,alta,225,0,1,0,0.41,0
PED-00650,1.44,0.3024,media,212,0,0,0,0.926,0
PED-00651,17.72,0.2665,alta,220,1,1,0,0.268,1
PED-00652,8.17,0.1011,media,199,0,1,1,0.944,1
PED-00653,18.88,0.3322,alta,231,0,0,0,0.102,0
PED-00654,16.89,0.0597,baja,41,1,0,1,0.92,1
PED-00655,15.54,0.4257,media,188,1,0,0,0.572,0
PED-00656,20.69,0.1515,baja,50,0,1,0,0.608,1
PED-00657,17.12,0.3326,baja,227,0,1,1,0.322,0
PED-00658,15.44,0.4551,media,206,0,0,0,0.781,0
PED-00659,14.89,0.1749,media,31,0,1,0,0.927,0
PED-00660,15.2,0.3109,media,130,0,1,0,0.902,0
PED-00661,12.17,0.0727,media,44,1,1,0,0.096,0
PED-00662,15.2,0.3243,baja,83,0,0,0,0.299,0
PED-00663,7.29,0.0585,alta,57,0,0,0,0.592,0
PED-00664,8.9,0.0634,media,79,0,0,1,0.87,0
PED-00665,4.9,0.346,media,104,0,0,0,0.071,0
PED-00666,17.08,0.3623,alta,102,0,0,0,0.029,0
PED-00667,17.37,0.4665,baja,205,1,1,0,0.369,0
PED-00668,11.05,0.1657,alta,145,1,0,0,0.8,1
PED-00669,4.47,0.0752,media,131,0,0,0,0.648,0
PED-00670,5.33,0.3274,alta,88,0,0,0,0.006,1
PED-00671,5.85,0.1543,alta,81,0,1,1,0.453,1
PED-00672,8.41,0.0856,media,51,1,1,0,0.897,1
PED-00673,3.5,0.3025,media,183,0,0,0,0.903,0
PED-00674,6.49,0.1159,baja,214,0,0,0,0.103,0
PED-00675,9.47,0.2176,alta,34,0,0,0,0.038,0
PED-00676,2.25,0.1964,alta,111,1,1,0,0.581,1
PED-00677,2.63,0.1,media,115,0,1,1,0.268,0
PED-00678,5.33,0.1586,media,72,1,1,1,0.265,0
PED-00679,8.63,0.1135,alta,232,0,0,0,0.558,0
PED-00680,16.91,0.1679,baja,178,0,1,0,0.404,0
PED-00681,5.78,0.0561,alta,49,1,1,0,0.397,1
PED-00682,28.92,0.2384,alta,128,0,0,0,0.761,0
PED-00683,6.59,0.1264,alta,80,0,1,1,0.345,1
PED-00684,5.9,0.1592,baja,60,0,0,0,0.077,1
PED-00685,24.36,0.0766,alta,161,1,0,0,0.339,0
PED-00686,11.25,0.2406,media,235,0,0,0,0.213,0
PED-00687,4.13,0.0219,media,61,1,1,0,0.376,0
PED-00688,25.6,0.2017,media,216,1,0,0,0.068,0
PED-00689,7.43,0.1858,media,229,0,0,0,0.174,0
PED-00690,11.16,0.4917,alta,35,0,0,0,0.062,0
PED-00691,23.81,0.072,media,45,1,1,1,0.029,1
PED-00692,9.3,0.2334,media,198,0,1,1,0.253,0
PED-00693,11.62,0.1602,alta,239,0,1,0,0.319,0
PED-00694,16.02,0.2671,alta,34,0,1,0,0.355,1
PED-00695,13.2,0.0971,baja,135,0,0,1,0.342,0
PED-00696,9.73,0.1933,alta,179,0,0,0,0.32,0
PED-00697,8.27,0.2982,alta,223,0,1,0,0.133,0
PED-00698,20.0,0.1736,alta,68,1,0,0,0.649,1
PED-00699,14.49,0.1517,media,155,0,0,1,0.086,0
PED-00700,7.97,0.0759,media,80,0,0,0,0.673,0
PED-00701,18.41,0.2148,alta,152,1,0,0,0.282,0
PED-00702,3.88,0.0517,media,147,0,1,1,0.597,0
PED-00703,11.28,0.1956,media,219,1,0,1,0.336,0
PED-00704,15.69,0.4927,media,230,1,1,1,0.153,1
PED-00705,7.8,0.0412,alta,38,1,1,1,0.157,1
PED-00706,16.68,0.1471,baja,123,1,0,1,0.231,0
PED-00707,7.62,0.1152,media,36,0,1,0,0.713,1
PED-00708,20.04,0.2006,alta,70,0,0,0,0.103,0
PED-00709,18.96,0.1063,alta,120,0,1,1,0.566,1
PED-00710,1.62,0.3844,baja,222,0,0,1,0.674,0
PED-00711,14.32,0.1996,media,219,0,0,0,0.413,0
PED-00712,11.0,0.1383,media,64,0,1,1,0.598,1
PED-00713,15.48,0.2824,alta,188,0,0,0,0.319,0
PED-00714,18.42,0.3204,alta,223,0,0,1,0.151,1
PED-00715,6.34,0.3142,media,161,1,0,0,0.206,0
PED-00716,15.08,0.2997,baja,38,1,0,0,0.927,1
PED-00717,11.95,0.3231,alta,230,0,0,1,0.293,0
PED-00718,12.18,0.0383,media,211,0,1,1,0.062,0
PED-00719,19.67,0.1067,alta,201,0,1,0,0.377,0
PED-00720,15.94,0.0745,baja,175,0,0,0,0.879,0
PED-00721,26.67,0.1701,baja,191,0,0,0,0.178,0
PED-00722,8.21,0.1018,media,38,0,1,0,0.881,1
PED-00723,7.82,0.0573,media,215,1,0,1,0.927,0
PED-00724,7.46,0.1179,media,72,1,1,1,0.893,1
PED-00725,4.13,0.1035,baja,93,0,1,1,0.1,0
PED-00726,17.61,0.1911,alta,128,0,1,0,0.675,1
PED-00727,8.6,0.2992,media,187,0,1,1,0.847,1
PED-00728,8.79,0.3001,baja,228,1,1,0,0.961,1
PED-00729,26.65,0.2989,alta,237,0,0,1,0.36,0
PED-00730,6.09,0.1244,alta,215,1,1,0,0.486,0
PED-00731,5.52,0.2794,media,169,0,1,0,0.912,0
PED-00732,6.47,0.0298,alta,171,1,1,0,0.73,1
PED-00733,16.18,0.3221,baja,81,1,0,0,0.283,0
PED-00734,28.46,0.0694,baja,86,1,0,0,0.609,0
PED-00735,5.98,0.4979,baja,119,0,0,0,0.992,0
PED-00736,14.82,0.3787,media,48,0,1,1,0.083,1
PED-00737,24.22,0.3321,baja,174,0,1,0,0.985,1
PED-00738,8.92,0.3723,media,121,0,1,0,0.2,0
PED-00739,19.29,0.1685,baja,206,0,0,0,0.049,0
PED-00740,7.4,0.1007,baja,80,0,1,1,0.423,1
PED-00741,24.77,0.2029,baja,53,0,0,0,0.846,0
PED-00742,17.22,0.5083,alta,175,0,0,1,0.637,1
PED-00743,7.72,0.3608,media,33,0,0,0,0.273,0
PED-00744,27.09,0.4491,media,189,1,0,0,0.604,0
PED-00745,14.85,0.1131,media,167,0,1,0,0.134,0
PED-00746,14.7,0.1345,media,137,0,0,0,0.524,1
PED-00747,8.83,0.1195,media,80,0,0,0,0.622,0
PED-00748,23.3,0.1035,media,224,0,1,1,0.754,1
PED-00749,17.13,0.2077,media,139,0,1,0,0.7,0
PED-00750,21.42,0.46,alta,102,1,1,0,0.004,1
PED-00751,6.6,0.2528,media,199,0,1,0,0.123,0
PED-00752,8.9,0.224,media,225,0,1,0,0.144,1
PED-00753,20.12,0.1454,media,163,0,1,1,0.121,1
PED-00754,5.26,0.2848,baja,179,0,0,0,0.402,0
PED-00755,15.94,0.3506,baja,108,0,0,0,0.538,0
PED-00756,2.98,0.189,alta,119,0,0,1,0.909,1
PED-00757,24.83,0.262,alta,180,0,0,0,0.114,0
PED-00758,10.94,0.422,alta,77,0,0,0,0.776,1
PED-00759,6.21,0.0359,baja,58,0,1,1,0.918,1
PED-00760,10.48,0.0675,media,79,1,0,1,0.045,0
PED-00761,25.59,0.3645,baja,35,0,1,0,0.405,1
PED-00762,11.6,0.1172,media,200,0,0,0,0.827,0
PED-00763,8.9,0.1502,media,153,0,0,0,0.904,0
PED-00764,20.98,0.4734,alta,83,1,1,0,0.429,1
PED-00765,3.74,0.415,baja,145,0,0,0,0.567,0
PED-00766,7.19,0.1172,media,212,0,0,1,0.897,0
PED-00767,14.09,0.2057,alta,121,0,1,0,0.683,1
PED-00768,13.32,0.3345,baja,198,1,1,0,0.357,1
PED-00769,4.22,0.3195,baja,45,0,0,1,0.79,0
PED-00770,11.3,0.0605,baja,44,0,0,0,0.886,0
PED-00771,10.58,0.4277,alta,102,0,1,0,0.979,1
PED-00772,20.21,0.0701,media,105,0,1,0,0.843,0
PED-00773,17.75,0.1087,alta,142,0,1,1,0.105,1
PED-00774,6.13,0.3591,media,164,0,1,1,0.291,0
PED-00775,10.62,0.3246,media,225,0,1,0,0.172,0
PED-00776,22.34,0.3682,media,174,1,1,0,0.897,1
PED-00777,11.79,0.147,baja,145,0,1,0,0.99,0
PED-00778,4.75,0.2941,baja,177,0,0,0,0.809,0
PED-00779,11.3,0.5617,media,222,0,0,1,0.96,0
PED-00780,15.94,0.3702,baja,49,1,0,0,0.339,0
PED-00781,22.38,0.2164,alta,154,1,0,0,0.561,0
PED-00782,6.31,0.1713,baja,102,1,1,0,0.044,0
PED-00783,14.89,0.0793,media,128,0,0,0,0.204,0
PED-00784,10.31,0.054,baja,97,0,0,1,0.641,0
PED-00785,12.92,0.2366,media,62,0,0,1,0.135,0
PED-00786,13.31,0.2154,media,112,1,1,1,0.821,1
PED-00787,15.47,0.1087,baja,41,0,0,1,0.813,0
PED-00788,12.18,0.0816,baja,231,0,1,0,0.294,0
PED-00789,15.44,0.0914,media,206,0,1,0,0.833,0
PED-00790,22.52,0.3037,alta,174,1,1,1,0.236,1
PED-00791,25.03,0.2939,alta,81,0,1,0,0.136,1
PED-00792,20.33,0.3238,alta,132,0,1,0,0.017,0
PED-00793,4.71,0.2786,alta,230,1,0,1,0.29,0
PED-00794,17.23,0.4103,baja,134,0,1,0,0.917,0
PED-00795,16.44,0.3636,baja,124,0,1,1,0.778,1
PED-00796,11.52,0.3277,baja,89,1,0,0,0.34,0
PED-00797,13.76,0.0355,media,179,0,0,0,0.987,0
PED-00798,5.35,0.3853,alta,173,1,1,1,0.651,1
PED-00799,12.84,0.2512,media,68,0,1,0,0.014,0
PED-00800,18.08,0.2977,media,133,0,0,0,0.882,0
